{"loss": [4.373536586761475], "accuracy": [0.7918367385864258], "val_loss": [4.3483357429504395], "val_accuracy": [0.7377049326896667]}